{
  "zero_shot": {
    "mode": "zero-shot",
    "total": 5,
    "success": 5,
    "failed": 0,
    "gates": {
      "json_valid": 5,
      "confidence_ok": 5,
      "copyable": 5,
      "review_rate_ok": 5
    },
    "latencies": [
      19.0863139629364,
      24.069364070892334,
      23.71165180206299,
      22.84023094177246,
      28.016474723815918
    ],
    "confidences": [
      0.85,
      0.95,
      0.95,
      0.9,
      0.95
    ],
    "errors": []
  },
  "fewshot": {
    "mode": "few-shot",
    "total": 5,
    "success": 5,
    "failed": 0,
    "gates": {
      "json_valid": 5,
      "confidence_ok": 5,
      "copyable": 5,
      "review_rate_ok": 5
    },
    "latencies": [
      100.02354097366333,
      116.92665410041809,
      94.78761601448059,
      115.13106989860535,
      91.48347115516663
    ],
    "confidences": [
      0.96,
      0.96,
      0.95,
      0.96,
      0.95
    ],
    "errors": []
  }
}